country,capital,continent_id,country_iata,photo,description
Spain,Madrid,2,MAD,https://firebasestorage.googleapis.com/v0/b/edward-travel-guide.appspot.com/o/country-picture%2Fspain.jpg?alt=media&token=746f04c9-a6fd-4ad5-a480-fcc8439b8f50,"Spain captivates visitors with vibrant festivals, flamenco dancing, and architectural wonders like the Sagrada Familia. Indulge in tapas culture, bask on sun-kissed beaches, and explore historic treasures in cities like Barcelona and Madrid."
United States,"Washington, D.C.",3,DCA,https://firebasestorage.googleapis.com/v0/b/edward-travel-guide.appspot.com/o/country-picture%2Funited%20states.jpg?alt=media&token=781ef577-4d68-48f1-a31b-051fc2cd755a,"The United States offers diverse attractions, from the entertainment hub of Hollywood to the natural wonders of the Grand Canyon. Enjoy cultural melting pots like New York City, the theme parks of Orlando, and the scenic landscapes of national parks."
China,Beijing,1,PEK,https://firebasestorage.googleapis.com/v0/b/edward-travel-guide.appspot.com/o/country-picture%2Fchina.jpg?alt=media&token=0ca2c62d-7e7d-412e-baa5-d518cb51bc37,"China, a blend of ancient traditions and modern marvels, showcases the Great Wall, Forbidden City, and Terracotta Army. Experience dynamic city life in Beijing and Shanghai, savor authentic cuisine, and explore serene landscapes in Guilin."
France,Paris ,2,CDG,https://firebasestorage.googleapis.com/v0/b/edward-travel-guide.appspot.com/o/country-picture%2Ffrance.jpg?alt=media&token=4c5d28e2-bdb5-457c-a059-00c47208d52d,"France, renowned for its romantic ambiance, exquisite cuisine, and iconic landmarks like the Eiffel Tower and Louvre Museum, draws millions with its charming villages, world-class wines, and the glamorous French Riviera."
Turkey,Ankara,1,ESB,https://firebasestorage.googleapis.com/v0/b/edward-travel-guide.appspot.com/o/country-picture%2Fturkey.jpg?alt=media&token=bddb8079-4e67-4cbf-af79-cbe74783836e,"Turkey straddles East and West, offering the ancient wonders of Istanbul's Hagia Sophia and Blue Mosque. Discover the unique landscapes of Cappadocia, relax on Mediterranean beaches, and indulge in flavorful Turkish cuisine."
Germany,Berlin,2,BER,https://firebasestorage.googleapis.com/v0/b/edward-travel-guide.appspot.com/o/country-picture%2Fgermany.jpg?alt=media&token=fd755143-93ad-44cb-9c93-d897972b52ab,"Germany, a blend of historic charm and modern efficiency, boasts the fairy-tale landscapes of Bavaria and the dynamic city life of Berlin. Immerse yourself in Oktoberfest festivities, explore medieval castles, and enjoy precision engineering in the automotive industry."
United Kingdom,London,2,LHR,https://firebasestorage.googleapis.com/v0/b/edward-travel-guide.appspot.com/o/country-picture%2Funited%20kingdom.jpg?alt=media&token=812a5819-455e-4b43-99bf-355ded589493,"The United Kingdom offers a rich tapestry of history and culture. London's iconic landmarks, Scotland's picturesque landscapes, and the literary heritage of England draw visitors. Experience royal traditions, explore medieval castles, and enjoy the lively arts scene."
Mexico,Mexico City,3,MEX,https://firebasestorage.googleapis.com/v0/b/edward-travel-guide.appspot.com/o/country-picture%2Fmexico.jpg?alt=media&token=b08b63dd-37ac-49fb-820c-f99c35b72825,"Mexico enchants with its vibrant culture, ancient Mayan ruins in Chichen Itza, and lively festivals. Explore the beaches of Cancun, delve into Aztec history in Mexico City, and savor authentic tacos and tequila."
Thailand,Bangkok,1,BKK,https://firebasestorage.googleapis.com/v0/b/edward-travel-guide.appspot.com/o/country-picture%2Fthailand.jpg?alt=media&token=f4e60bcd-625b-4e68-a279-ac869b94e9f9,"Thailand, known for its tropical beaches, ornate temples, and bustling markets, beckons with the vibrant street life of Bangkok. Explore ancient ruins in Ayutthaya, indulge in Thai cuisine, and unwind on the paradisiacal islands of Phuket and Koh Phi Phi."
Italy,Rome ,2,FCO,https://firebasestorage.googleapis.com/v0/b/edward-travel-guide.appspot.com/o/country-picture%2Fitaly.jpg?alt=media&token=d31ded52-5639-4be0-a202-aba038d69bfb,"Italy entices with its art-rich cities, historic ruins in Rome, and romantic gondola rides in Venice. Culinary delights, world-class art, and the stunning Amalfi Coast create an irresistible charm for visitors."
Afghanistan,Kabul,1,KBL,https://cdn.pixabay.com/photo/2012/10/26/03/11/children-63175_1280.jpg,"A country with a rich cultural heritage, ancient history, and stunning landscapes, offering opportunities for adventure and exploration amidst rugged mountains, bustling markets, and historic sites."
Armenia,Yerevan,1,EVN,https://cdn.pixabay.com/photo/2020/03/17/08/20/silhouette-4939371_1280.jpg,"Nestled in the Caucasus region, this country boasts a rich tapestry of history, from ancient monasteries to medieval fortresses, alongside picturesque landscapes of mountains, valleys, and lakes."
Azerbaijan,Baku,1,GYD,https://cdn.pixabay.com/photo/2020/02/26/08/59/fireworks-4881190_1280.jpg,"A diverse nation bridging Eastern Europe and Western Asia, showcasing a blend of modernity and tradition, with cosmopolitan cities, ancient ruins, lush forests, and scenic mountains."
Bahrain,Manama,1,BAH,https://cdn.pixabay.com/photo/2016/05/03/16/15/gold-1369453_1280.jpg,"An archipelago nation known for its modernity, luxury, and rich cultural heritage, with a skyline dominated by skyscrapers, opulent mosques, and bustling souks in a desert setting."
Bangladesh,Dhaka,1,DAC,https://cdn.pixabay.com/photo/2023/05/19/05/33/boats-8003723_1280.jpg,"A land of vibrant colors, bustling markets, and rich cultural heritage, with ancient ruins, lush landscapes, and vibrant cities, offering a unique blend of tradition and modernity."
Bhutan,Thimphu,1,PBH,https://cdn.pixabay.com/photo/2013/08/10/22/55/temple-171377_1280.jpg,"The Land of the Thunder Dragon, where ancient monasteries, pristine nature reserves, and vibrant festivals await exploration amidst towering Himalayan peaks and lush valleys."
Brunei,Bandar Seri Begawan,1,BWN,https://cdn.pixabay.com/photo/2014/11/09/12/22/ship-523587_1280.jpg,"A kingdom of opulent mosques, lush rainforests, and rich cultural traditions, with a small yet prosperous nation known for its high standard of living and stunning natural beauty."
Cambodia,Phnom Penh,1,PNH,https://cdn.pixabay.com/photo/2016/11/08/05/11/children-1807511_1280.jpg,"Home to magnificent temples, bustling markets, and a rich cultural heritage, this country offers a blend of spirituality, history, and natural beauty, from the vibrant streets of cities to tranquil backwaters."
India,New Delhi,1,DEL,https://cdn.pixabay.com/photo/2017/10/10/07/48/hills-2836301_1280.jpg,"A tapestry of cultures, landscapes, and experiences, featuring bustling cities, serene backwaters, majestic mountains, and vibrant festivals, offering a kaleidoscope of sights, sounds, and flavors."
Indonesia,Jakarta,1,CGK,https://cdn.pixabay.com/photo/2016/11/14/04/54/woman-1822646_1280.jpg,"An archipelago of thousands of islands, each with its own unique charm, offering diverse experiences from vibrant cities and ancient temples to pristine beaches and dense jungles."
Iran,Tehran,1,IKA,https://cdn.pixabay.com/photo/2019/09/30/19/20/caravansary-4516601_1280.jpg,"Explore the ancient wonders and modern marvels of Iran, where majestic mosques, bustling bazaars, and UNESCO World Heritage sites await. From the vibrant culture of Tehran to the stunning landscapes of Shiraz and Isfahan, Iran offers a captivating blend of history and hospitality."
Iraq,Baghdad,1,BGW,https://cdn.pixabay.com/photo/2018/01/24/18/34/vehicle-3104459_1280.jpg,"Delve into the rich tapestry of history and culture in Iraq, home to ancient Mesopotamian ruins, vibrant marketplaces, and breathtaking natural beauty. From the historic streets of Baghdad to the lush landscapes of Kurdistan, Iraq beckons with its diverse attractions and warm hospitality."
Israel,Jerusalem,1,TLV,https://cdn.pixabay.com/photo/2016/10/03/21/13/jerusalem-1712855_1280.jpg,"Experience the diverse attractions of Israel, from the sacred sites of Jerusalem to the vibrant nightlife of Tel Aviv. Explore ancient ruins, serene beaches, and bustling markets, and immerse yourself in the vibrant culture and rich history of this fascinating destination."
Japan,Tokyo,1,HND,https://cdn.pixabay.com/photo/2014/10/07/13/48/mountain-477832_1280.jpg,"Discover the Land of the Rising Sun in Japan, where ancient traditions blend seamlessly with modern innovations. Explore bustling cities, tranquil temples, and breathtaking natural landscapes, and indulge in delicious cuisine and warm hospitality."
Jordan,Amman,1,AMM,https://cdn.pixabay.com/photo/2021/05/29/18/59/petra-6294051_1280.jpg,"Embark on a journey through the captivating landscapes and ancient history of Jordan. From the legendary rose-red city of Petra to the stunning deserts of Wadi Rum, Jordan offers a wealth of experiences waiting to be discovered."
Kazakhstan,Nur-Sultan,1,NQZ,https://cdn.pixabay.com/photo/2023/12/13/03/19/mountains-8446221_1280.jpg,"Experience the breathtaking beauty and cultural richness of Kazakhstan, where majestic mountains, vast steppes, and modern cities converge. Explore the historic Silk Road cities, pristine lakes, and welcoming hospitality of this Central Asian gem."
Kuwait,Kuwait City,1,KWI,https://cdn.pixabay.com/photo/2023/01/29/10/09/street-7752940_1280.jpg,"Immerse yourself in the vibrant culture and modern luxury of Kuwait, where ancient traditions meet modern innovation. From the bustling markets of Kuwait City to the tranquil shores of the Persian Gulf, Kuwait offers a unique blend of old-world charm and contemporary sophistication."
Kyrgyzstan,Bishkek,1,FRU,https://cdn.pixabay.com/photo/2020/01/14/17/17/kyrgyzstan-4765706_1280.jpg,"Discover the hidden gem of Kyrgyzstan, where rugged mountains, pristine lakes, and nomadic culture await. Explore the stunning landscapes of Issyk-Kul Lake, the historic Silk Road city of Osh, and the welcoming hospitality of the Kyrgyz people."
Laos,Vientiane,1,VTE,https://cdn.pixabay.com/photo/2014/09/27/17/30/waterfalls-463925_1280.jpg,"Experience the timeless beauty and laid-back charm of Laos, where lush jungles, ancient temples, and serene riverside villages await. From the historic streets of Luang Prabang to the tranquil beauty of the Mekong River, Laos offers a serene escape from the hustle and bustle of modern life."
Lebanon,Beirut,1,BEY,https://cdn.pixabay.com/photo/2018/09/06/00/35/temple-3657496_1280.jpg,"Explore the diverse attractions of Lebanon, where ancient ruins, vibrant cities, and stunning coastline beckon. From the historic streets of Beirut to the ancient ruins of Baalbek and Byblos, Lebanon offers a captivating blend of history, culture, and natural beauty."
Malaysia,Kuala Lumpur,1,KUL,https://cdn.pixabay.com/photo/2016/11/13/12/52/kuala-lumpur-1820944_1280.jpg,"Indulge in the cultural melting pot of Malaysia, where vibrant cities, lush rainforests, and pristine beaches await. From the iconic Petronas Towers of Kuala Lumpur to the stunning islands of Langkawi and Penang, Malaysia offers a diverse array of experiences for every traveler."
Maldives,Malé,1,MLE,https://cdn.pixabay.com/photo/2017/01/20/00/30/maldives-1993704_1280.jpg,"Escape to paradise in the Maldives, where crystal-clear waters, white sandy beaches, and luxurious resorts await. Dive into the vibrant coral reefs, relax in overwater bungalows, and experience the ultimate tropical getaway in this idyllic island destination."
Mongolia,Ulaanbaatar,1,ULN,https://cdn.pixabay.com/photo/2017/06/06/06/03/frozen-2376303_1280.jpg,"Embark on an adventure through Mongolia, where vast steppes, nomadic culture, and pristine landscapes await. Explore the rugged beauty of the Gobi Desert, encounter nomadic herders on horseback, and witness the ancient traditions of the Naadam Festival."
Myanmar,Naypyidaw,1,NAY,https://cdn.pixabay.com/photo/2016/11/08/05/11/children-1807511_1280.jpg,"Discover the enchanting allure of Myanmar, a land of golden pagodas, rich history, and diverse cultures. Explore the ancient temples of Bagan, cruise down the serene waters of Inle Lake, and immerse yourself in the vibrant markets of Yangon."
Nepal,Kathmandu,1,KTM,https://cdn.pixabay.com/photo/2017/03/29/11/29/nepal-2184940_1280.jpg,"Trek through the Himalayas and experience the spiritual serenity of Nepal. Discover ancient temples in Kathmandu, embark on a life-changing trek to Everest Base Camp, and witness breathtaking sunrise views over the Annapurna range."
North Korea,Pyongyang,1,FNJ,https://cdn.pixabay.com/photo/2019/10/08/04/16/dragon-palace-hotel-4534092_1280.jpg,"Unravel the mysteries of North Korea, a hermit kingdom steeped in intrigue and history. Explore the capital city of Pyongyang, visit iconic landmarks like the Juche Tower, and gain insight into the country's unique culture and ideology."
Oman,Muscat,1,MCT,https://cdn.pixabay.com/photo/2021/01/30/12/31/sultan-qaboos-grand-mosque-5963726_1280.jpg,"Experience the ancient charm and modern luxury of Oman, where desert landscapes meet pristine beaches and rugged mountains. Discover the historic forts of Muscat, camp under the stars in the Wahiba Sands, and dive into the crystal-clear waters of the Arabian Sea."
Pakistan,Islamabad,1,ISB,https://cdn.pixabay.com/photo/2019/06/29/05/24/pakistan-4305430_1280.jpg,"Journey through the diverse landscapes and rich culture of Pakistan. Explore the ancient ruins of Taxila, marvel at the majestic peaks of the Karakoram Range, and immerse yourself in the bustling streets of Lahore's old city."
Philippines,Manila,1,MNL,https://cdn.pixabay.com/photo/2023/12/30/17/39/kombucha-8478515_1280.jpg,"Dive into the vibrant tapestry of the Philippines, where pristine beaches, lush rainforests, and vibrant cities await. Explore the underwater wonders of Palawan, trek to the stunning rice terraces of Banaue, and indulge in the lively street food scene of Manila."
Qatar,Doha,1,DOH,https://cdn.pixabay.com/photo/2020/04/27/17/42/sand-5100918_1280.jpg,"Experience the modern marvels and cultural treasures of Qatar, where futuristic skyscrapers stand against a backdrop of desert dunes. Explore the vibrant Souq Waqif, marvel at the stunning architecture of the Museum of Islamic Art, and embark on a desert safari adventure."
Russia,Moscow,1,SVO,https://cdn.pixabay.com/photo/2017/02/13/11/45/ice-2062433_1280.jpg,"Embark on a journey through the vast landscapes and rich history of Russia. Explore the grandeur of Moscow's Red Square, marvel at the opulence of the Hermitage Museum in St. Petersburg, and experience the tranquility of Siberia's Lake Baikal."
Saudi Arabia,Riyadh,1,RUH,https://cdn.pixabay.com/photo/2023/12/30/17/39/kombucha-8478515_1280.jpg,"Immerse yourself in the rich history and vibrant culture of Saudi Arabia. Explore the ancient ruins of Al-Ula, marvel at the futuristic skyline of Riyadh, and experience the serene beauty of the Red Sea coast."
Singapore,Singapore,1,SIN,https://cdn.pixabay.com/photo/2018/02/27/06/30/skyscrapers-3184798_1280.jpg,"Discover the dynamic blend of tradition and modernity in Singapore, where gleaming skyscrapers stand beside historic temples and lush green spaces. Explore the vibrant neighborhoods of Chinatown and Little India, indulge in world-class cuisine, and unwind in the tranquil Gardens by the Bay."
South Korea,Seoul,1,ICN,https://cdn.pixabay.com/photo/2018/11/19/15/06/machang-bridge-3825439_1280.jpg,"Experience the captivating contrasts of South Korea, where ancient temples and palaces coexist with bustling modern cities. Explore the historic streets of Seoul, hike to the ancient fortress of Hwaseong, and relax in the natural beauty of Jeju Island."
Sri Lanka,Colombo,1,CMB,https://cdn.pixabay.com/photo/2023/12/30/17/39/kombucha-8478515_1280.jpg,"Uncover the rich tapestry of culture and history in Sri Lanka, where ancient temples, lush tea plantations, and pristine beaches await. Explore the ancient city of Anuradhapura, embark on a safari in Yala National Park, and relax on the golden shores of Mirissa."
Syria,Damascus,1,DAM,https://cdn.pixabay.com/photo/2013/04/07/22/55/syria-101672_1280.jpg,"Delve into the rich history and vibrant culture of Syria, where ancient ruins, bustling souks, and breathtaking landscapes await. Explore the ancient city of Damascus, marvel at the stunning ruins of Palmyra, and relax in the serene beauty of the coastal town of Latakia."
Taiwan,Taipei,1,TPE,https://cdn.pixabay.com/photo/2019/02/03/16/52/buildings-3973014_1280.jpg,"Explore the vibrant culture and stunning landscapes of Taiwan, from bustling night markets and ancient temples to lush mountain trails and picturesque coastal scenery. Dive into the bustling streets of Taipei, savor delicious street food, and marvel at the natural beauty of Taroko Gorge."
Tajikistan,Dushanbe,1,DYU,https://cdn.pixabay.com/photo/2019/10/28/15/28/tajikistan-4584690_1280.jpg,"Journey through the rugged beauty of Tajikistan, where towering mountains, pristine lakes, and ancient Silk Road cities beckon adventurous travelers. Trek through the dramatic landscapes of the Pamir Mountains, explore the historic city of Khujand, and experience the warm hospitality of local communities."
Turkmenistan,Ashgabat,1,ASB,https://cdn.pixabay.com/photo/2017/08/30/14/33/turkmenistan-2697332_1280.jpg,"Discover the intriguing blend of ancient history and modern innovation in Turkmenistan, where ancient Silk Road cities, surreal desert landscapes, and futuristic architecture await. Marvel at the golden domes of Ashgabat, explore the ancient ruins of Merv, and venture into the otherworldly landscapes of the Karakum Desert."
United Arab Emirates,Abu Dhabi,1,AUH,https://cdn.pixabay.com/photo/2021/12/22/14/55/tourists-6887737_1280.jpg,"Experience the epitome of luxury and extravagance in the United Arab Emirates, where towering skyscrapers, world-class shopping malls, and pristine beaches await. Indulge in the opulence of Dubai's Burj Khalifa and Palm Jumeirah, explore the cultural heritage of Abu Dhabi's Sheikh Zayed Grand Mosque, and unwind on the pristine shores of Ras Al Khaimah."
Uzbekistan,Tashkent,1,TAS,https://cdn.pixabay.com/photo/2023/12/30/17/39/kombucha-8478515_1280.jpg,"Embark on a journey through the ancient cities and stunning landscapes of Uzbekistan, where majestic Silk Road monuments, bustling bazaars, and rich cultural heritage await. Explore the historic streets of Samarkand, marvel at the intricate tilework of Bukhara's mosques and madrasas, and experience the vibrant atmosphere of Tashkent's bustling markets."
Vietnam,Hanoi,1,HAN,https://cdn.pixabay.com/photo/2015/10/30/20/13/sunrise-1014712_1280.jpg,"Immerse yourself in the rich history and vibrant culture of Vietnam, where ancient temples, bustling street markets, and stunning natural landscapes await. Cruise through the limestone karsts of Halong Bay, explore the ancient streets of Hoi An, and trek through the lush rice terraces of Sapa."
Yemen,Sana'a,1,SAH,https://cdn.pixabay.com/photo/2023/12/30/17/39/kombucha-8478515_1280.jpg,"Experience the ancient mystique and natural beauty of Yemen, where towering mountains, ancient mud-brick cities, and pristine beaches await. Explore the historic streets of Sana'a, marvel at the cliffside villages of Shaharah, and relax on the untouched shores of Socotra Island."
Albania,Tirana,2,TIA,https://cdn.pixabay.com/photo/2018/09/06/09/27/sea-3657860_1280.jpg,"Delve into the rich history and stunning landscapes of Albania, where ancient ruins, Ottoman architecture, and pristine beaches await. Explore the UNESCO-listed city of Gjirokastër, hike through the rugged landscapes of the Accursed Mountains, and relax on the beautiful shores of the Albanian Riviera."
Andorra,Andorra la Vella,2,ALV,https://cdn.pixabay.com/photo/2018/06/27/09/40/andorra-3501173_1280.jpg,"Immerse yourself in the breathtaking beauty of Andorra, a tiny principality nestled in the Pyrenees mountains between France and Spain. Explore charming mountain villages, ski world-class slopes, and hike scenic trails offering panoramic views of the surrounding landscapes."
Austria,Vienna,2,VIE,https://cdn.pixabay.com/photo/2018/08/16/08/39/hallstatt-3609863_1280.jpg,"Experience the rich cultural heritage and stunning landscapes of Austria, from the imperial grandeur of Vienna to the picturesque Alps. Indulge in the vibrant music and arts scene, explore historic castles and palaces, and savor the delicious cuisine and world-renowned pastries."
Belarus,Minsk,2,MSQ,https://cdn.pixabay.com/photo/2017/08/24/15/05/minsk-2677097_1280.jpg,"Discover the hidden gem of Eastern Europe in Belarus, where Soviet-era architecture, medieval castles, and pristine national parks await. Explore the historic streets of Minsk, marvel at the grandeur of Mir Castle, and immerse yourself in the natural beauty of Belovezhskaya Pushcha National Park."
Belgium,Brussels,2,BRU ,https://cdn.pixabay.com/photo/2017/04/11/03/33/dinant-2220459_1280.jpg,"Delight in the charming medieval towns, delicious chocolates, and world-class beer of Belgium. Explore the cobbled streets of Bruges, marvel at the stunning architecture of Brussels, and indulge in mouthwatering waffles and Belgian fries."
Bosnia,Sarajevo,2,SJJ,https://cdn.pixabay.com/photo/2019/09/26/11/59/sarajevo-4505752_1280.jpg,"Experience the fascinating blend of Ottoman, Austro-Hungarian, and Slavic cultures in Bosnia and Herzegovina. Explore the historic streets of Sarajevo, marvel at the iconic Stari Most bridge in Mostar, and unwind by the pristine waters of the Neretva River."
Bulgaria,Sofia,2,SOF,https://cdn.pixabay.com/photo/2022/06/21/19/28/seagull-7276382_1280.jpg,"Embark on a journey through the rich history and stunning natural beauty of Bulgaria, from the ancient ruins of Plovdiv to the pristine beaches of the Black Sea coast. Explore the vibrant capital city of Sofia, hike through the rugged landscapes of the Rila Mountains, and discover the charming seaside towns of the Bulgarian Riviera."
Croatia,Zagreb,2,ZAG,https://cdn.pixabay.com/photo/2023/12/30/17/39/kombucha-8478515_1280.jpg,"Discover the breathtaking beauty of Croatia, where ancient walled cities, pristine beaches, and crystal-clear waters await. Explore the historic streets of Dubrovnik, sail along the stunning Dalmatian coast, and hike through the scenic Plitvice Lakes National Park."
Cyprus,Nicosia,2,NIC,https://cdn.pixabay.com/photo/2018/02/26/21/01/cyprus-3184019_1280.jpg,"Experience the captivating beauty and rich history of Cyprus, where ancient ruins, picturesque villages, and stunning beaches await. Explore the historic streets of Nicosia, relax on the golden sands of Ayia Napa, and discover the charming mountain villages of the Troodos Mountains."
Czech Republic,Prague,2,PRG,https://cdn.pixabay.com/photo/2017/12/10/17/40/prague-3010407_1280.jpg,"Explore the fairytale landscapes and rich history of the Czech Republic, from the medieval streets of Prague to the stunning castles of ?eský Krumlov. Indulge in world-class beer, hearty Czech cuisine, and vibrant cultural festivals."
Denmark,Copenhagen,2,CHP,https://cdn.pixabay.com/photo/2017/03/31/15/34/sunset-2191645_1280.jpg,"Discover the charming blend of ancient history and modern sophistication in Denmark. Explore the colorful streets of Copenhagen, relax on pristine beaches, and immerse yourself in the Danish concept of hygge, or coziness."
Estonia,Tallinn,2,TLL,https://cdn.pixabay.com/photo/2023/07/28/11/05/boat-8155029_1280.jpg,"Experience the enchanting beauty and rich cultural heritage of Estonia, where medieval castles, picturesque old towns, and pristine forests await. Explore the fairy-tale charm of Tallinn, relax on the sandy beaches of Saaremaa, and discover the unique traditions of Estonian folk culture."
Finland,Helsinki,2,HEL,https://cdn.pixabay.com/photo/2022/08/27/18/29/lake-7415097_1280.jpg,"Embrace the stunning natural landscapes and vibrant urban culture of Finland, from the shimmering waters of the thousand lakes to the vibrant streets of Helsinki. Experience the magic of the Northern Lights, explore the wilderness of Lapland, and indulge in the Finnish sauna tradition."
Greece,Athens,2,ATH,https://cdn.pixabay.com/photo/2018/05/09/01/00/greece-3384386_1280.jpg,"Dive into the rich history, stunning architecture, and mouthwatering cuisine of Greece. Explore the ancient ruins of Athens, relax on the sun-drenched beaches of the Greek Islands, and savor the flavors of traditional Greek dishes like moussaka and souvlaki."
Hungary,Budapest,2,BUD,https://cdn.pixabay.com/photo/2021/02/08/20/24/lake-5996427_1280.jpg,"Experience the vibrant culture, rich history, and stunning architecture of Hungary. Explore the historic streets of Budapest, relax in the thermal baths, and indulge in the delicious flavors of Hungarian cuisine, from hearty goulash to sweet chimney cakes."
Iceland,Reykjavik,2,KEF,https://cdn.pixabay.com/photo/2017/03/02/16/54/iceland-2111811_1280.jpg,"Discover the land of fire and ice in Iceland, where rugged landscapes, dramatic waterfalls, and steaming hot springs await. Explore the otherworldly landscapes of the Golden Circle, marvel at the beauty of the Northern Lights, and soak in the soothing waters of the Blue Lagoon."
Ireland,Dublin,2,DUB,https://cdn.pixabay.com/photo/2018/06/09/17/25/trees-3464777_1280.jpg,"Experience the warm hospitality and stunning landscapes of Ireland, from the rugged cliffs of the Wild Atlantic Way to the vibrant streets of Dublin. Explore ancient castles, sip on a pint of Guinness in a cozy pub, and immerse yourself in the rich tradition of Irish music and dance."
Kosovo,Pristina,2,PRN,https://cdn.pixabay.com/photo/2018/05/26/09/27/prizren-3430989_1280.jpg,"Delight in the vibrant culture and stunning natural beauty of Kosovo. Explore the historic streets of Pristina, marvel at the Ottoman architecture of Prizren, and hike through the scenic Rugova Mountains."
Latvia,Riga,2,RIX,https://cdn.pixabay.com/photo/2023/08/06/22/35/lifeguard-tower-8173913_1280.jpg,"Immerse yourself in the rich history and stunning landscapes of Latvia. Explore the medieval streets of Riga, relax on the pristine beaches of Jurmala, and discover the charming countryside dotted with ancient castles and manor houses."
Liechtenstein,Vaduz,2,QVJ,https://cdn.pixabay.com/photo/2020/10/28/11/08/castle-5693094_1280.jpg,"Experience the charming principality of Liechtenstein, nestled between Switzerland and Austria. Explore picturesque alpine villages, hike through scenic mountain trails, and marvel at the fairytale beauty of Vaduz Castle overlooking the Rhine Valley."
Lithuania,Vilnius,2,VNO,https://cdn.pixabay.com/photo/2015/09/30/22/07/lithuania-966145_1280.jpg,"Discover the rich cultural heritage and stunning natural landscapes of Lithuania. Explore the medieval streets of Vilnius, relax on the sandy shores of the Curonian Spit, and immerse yourself in the vibrant arts scene and folk traditions."
Luxembourg,Luxembourg City,2,LUX,https://cdn.pixabay.com/photo/2013/07/07/13/49/train-143847_1280.jpg,"Explore the small but mighty country of Luxembourg, where ancient castles, picturesque villages, and lush green valleys await. Wander through the cobbled streets of Luxembourg City, explore historic fortresses, and hike through the beautiful Ardennes region."
Malta,Valletta,2,MLA,https://cdn.pixabay.com/photo/2019/04/26/16/49/popeye-village-4158038_1280.jpg,"Immerse yourself in the fascinating history and breathtaking landscapes of Malta. Explore ancient temples, stroll through charming fishing villages, and relax on pristine beaches lapped by crystal-clear Mediterranean waters."
Moldova,Chisinau,2,KIV,https://cdn.pixabay.com/photo/2020/09/13/13/00/charles-bridge-5568178_1280.jpg,"Discover the hidden gem of Moldova, where historic monasteries, lush vineyards, and charming rural landscapes await. Explore the underground wine cellars of Milestii Mici, wander through the streets of Chisinau, and sample delicious Moldovan cuisine."
Monaco,Monaco,2,MCM,https://cdn.pixabay.com/photo/2022/10/16/20/21/storm-clouds-7526102_1280.jpg,"Experience the glitz and glamour of Monaco, the playground of the rich and famous. Marvel at the luxurious yachts in the Monte Carlo harbor, try your luck at the famous Grand Casino, and explore the winding streets of the old town."
Montenegro,Podgorica,2,TGD,https://cdn.pixabay.com/photo/2017/09/13/23/36/bridge-2747511_1280.jpg,"Experience the breathtaking beauty of Montenegro, where rugged mountains meet crystal-clear Adriatic waters. Explore medieval walled towns, relax on stunning beaches, and hike through the dramatic landscapes of Durmitor National Park."
Netherlands,Amsterdam,2,AMS,https://cdn.pixabay.com/photo/2015/06/19/21/24/avenue-815297_1280.jpg,"Explore the picturesque landscapes and vibrant cities of the Netherlands. Cruise along Amsterdam's iconic canals, marvel at historic windmills in the countryside, and immerse yourself in the rich artistic heritage of Dutch masters like Rembrandt and Van Gogh."
North Macedonia,Skopje,2,SKP,https://cdn.pixabay.com/photo/2019/12/29/08/59/boats-4726534_1280.jpg,"Discover the cultural melting pot of North Macedonia, where ancient history, Ottoman heritage, and Balkan charm converge. Explore the historic streets of Skopje, hike through stunning national parks, and relax on the shores of Lake Ohrid."
Norway,Oslo,2,OSL,https://cdn.pixabay.com/photo/2016/10/21/14/46/fox-1758183_1280.jpg,"Immerse yourself in the stunning natural beauty and rich cultural heritage of Norway. Cruise through majestic fjords, hike to towering waterfalls, and marvel at the enchanting Northern Lights dancing across the Arctic sky."
Poland,Warsaw,2,WAW,https://cdn.pixabay.com/photo/2018/01/29/19/00/park-3116883_1280.jpg,"Explore the rich history and vibrant culture of Poland, from the medieval streets of Krakow to the historic sites of Warsaw. Discover picturesque landscapes, charming villages, and delicious Polish cuisine in this diverse and welcoming country."
Portugal,Lisbon,2,LIS,https://cdn.pixabay.com/photo/2017/12/20/10/48/portugal-3029665_1280.jpg,"Experience the stunning landscapes and rich heritage of Portugal, from the golden beaches of the Algarve to the historic neighborhoods of Lisbon. Explore ancient castles, sample world-renowned wines, and indulge in fresh seafood along the scenic coastline."
Romania,Bucharest,2,OTP,https://cdn.pixabay.com/photo/2014/05/05/14/14/meadow-338211_1280.jpg,"Discover the diverse landscapes and fascinating history of Romania, from the medieval castles of Transylvania to the charming villages of Maramures. Explore the mystical beauty of the Carpathian Mountains, relax in thermal spas, and immerse yourself in traditional Romanian culture."
San Marino,San Marino,2,SMR,https://cdn.pixabay.com/photo/2019/05/16/21/10/landscape-4208255_1280.jpg,"Experience the enchanting beauty and rich history of San Marino, Europe's third-smallest country. Explore ancient fortresses, wander through cobblestone streets, and enjoy panoramic views of the surrounding countryside from this charming mountaintop republic."
Serbia,Belgrade,2,BEG,https://cdn.pixabay.com/photo/2016/12/29/17/13/serbia-1938958_1280.jpg,"Immerse yourself in the vibrant culture and warm hospitality of Serbia, where historic cities, stunning landscapes, and delicious cuisine await. Explore the ancient streets of Belgrade, cruise along the Danube River, and discover the natural wonders of Tara National Park."
Slovakia,Bratislava,2,BTS,https://cdn.pixabay.com/photo/2015/10/05/14/42/river-972708_1280.jpg,"Discover the natural beauty and rich history of Slovakia, from the medieval castles of Bratislava to the rugged landscapes of the Tatra Mountains. Explore picturesque towns, hike through pristine national parks, and experience the unique culture of this charming country."
Slovenia,Ljubljana,2,LJU,https://cdn.pixabay.com/photo/2016/12/11/12/02/mountains-1899264_1280.jpg,"Explore the breathtaking landscapes and charming towns of Slovenia, from the crystal-clear waters of Lake Bled to the stunning caves of Postojna. Discover historic castles, hike through verdant forests, and sample delicious cuisine in this hidden gem of Europe."
Sweden,Stockholm,2,ARN,https://cdn.pixabay.com/photo/2022/01/02/19/43/port-6910972_1280.jpg,"Experience the natural beauty and cultural heritage of Sweden, from the vibrant city life of Stockholm to the pristine wilderness of Lapland. Explore historic Viking sites, sail through the Stockholm archipelago, and enjoy outdoor adventures in the Swedish countryside."
Switzerland,Bern,2,BRN,https://cdn.pixabay.com/photo/2016/09/19/22/46/lake-1681485_1280.jpg,"Discover the timeless beauty and scenic landscapes of Switzerland, from the majestic peaks of the Swiss Alps to the tranquil shores of Lake Geneva. Explore charming villages, ski in world-class resorts, and indulge in Swiss chocolate and cheese."
Ukraine,Kyiv,2,KBP,https://cdn.pixabay.com/photo/2022/07/12/18/04/child-7317938_1280.jpg,"Immerse yourself in the rich history and vibrant culture of Ukraine, where ancient cities, stunning landscapes, and warm hospitality await. Explore the historic streets of Kyiv, visit the colorful churches of Lviv, and discover the natural wonders of the Carpathian Mountains."
Antigua,St. John's,3,YYT,https://cdn.pixabay.com/photo/2017/01/26/18/56/caribbean-2011386_1280.jpg,"Experience the Caribbean paradise of Antigua, where pristine beaches, turquoise waters, and vibrant coral reefs await. Explore historic sites, indulge in delicious cuisine, and unwind in luxurious resorts on this idyllic island getaway."
Bahamas,Nassau,3,NAS,https://cdn.pixabay.com/photo/2013/08/12/18/10/staniel-cay-171908_1280.jpg,"Discover the tropical beauty and laid-back vibe of the Bahamas, with its stunning pink sand beaches, crystal-clear waters, and colorful coral reefs. Dive into exciting water sports, explore historic sites, and relax in luxurious island resorts."
Barbados,Bridgetown,3,BGI,https://cdn.pixabay.com/photo/2023/12/30/17/39/kombucha-8478515_1280.jpg,"Immerse yourself in the rich culture and natural beauty of Barbados, where lush tropical landscapes, vibrant festivals, and warm hospitality await. Explore historic plantations, relax on beautiful beaches, and savor delicious Caribbean cuisine."
Belize,Belmopan,3,BCV,https://cdn.pixabay.com/photo/2017/01/06/15/39/turtle-1958058_1280.jpg,"Experience the adventure and natural wonders of Belize, with its lush rainforests, ancient Mayan ruins, and diverse marine life. Dive into the Belize Barrier Reef, explore jungle trails, and discover the unique culture of this Central American gem."
Canada,Ottawa,3,YOW,https://cdn.pixabay.com/photo/2017/05/09/03/46/alberta-2297204_1280.jpg,"Explore the vast wilderness and vibrant cities of Canada, from the majestic Rocky Mountains to the bustling streets of Toronto. Discover breathtaking national parks, experience diverse cultures, and embark on unforgettable outdoor adventures in this vast and welcoming country."
Costa Rica,San Jose,3,SJO,https://cdn.pixabay.com/photo/2020/03/27/21/26/costa-rica-4975038_1280.jpg,"Dive into the eco-friendly paradise of Costa Rica, where lush rainforests, stunning beaches, and diverse wildlife await. Explore active volcanoes, zip-line through the canopy, and relax in natural hot springs on this unforgettable adventure."
Cuba,Havana,3,HAV,https://cdn.pixabay.com/photo/2016/02/13/13/11/oldtimer-1197800_1280.jpg,"Discover the timeless beauty and vibrant culture of Cuba, with its colorful colonial architecture, lively music scene, and pristine beaches. Explore historic Havana, dance to the rhythm of salsa, and immerse yourself in the rich history of this Caribbean island nation."
Dominica,Roseau,3,ROX,https://cdn.pixabay.com/photo/2017/11/06/16/43/beach-2924151_1280.jpg,"Experience the natural beauty and unspoiled landscapes of Dominica, with its lush rainforests, pristine waterfalls, and volcanic hot springs. Dive into crystal-clear rivers, hike through verdant valleys, and discover the authentic Caribbean charm of this hidden gem."
Dominican Republic,Santo Domingo,3,SDQ,https://cdn.pixabay.com/photo/2016/03/04/19/36/beach-1236581_1280.jpg,"Immerse yourself in the rich history and vibrant culture of the Dominican Republic, where stunning beaches, lively music, and warm hospitality await. Explore historic Santo Domingo, relax on pristine shores, and indulge in delicious Dominican cuisine."
El Salvador,San Salvador,3,SAL,https://cdn.pixabay.com/photo/2016/10/30/02/35/el-salvador-1782203_1280.jpg,"Discover the stunning beaches and lush landscapes of El Salvador, with its pristine coastline, vibrant cities, and rich Mayan heritage. Surf world-class waves, explore ancient ruins, and immerse yourself in the warm hospitality of this Central American gem."
Grenada,St. George's,3,GND,https://cdn.pixabay.com/photo/2016/12/27/19/29/caribbean-1934661_1280.jpg,"Experience the laid-back charm and natural beauty of Grenada, with its spice-scented air, turquoise waters, and lush rainforests. Explore historic forts, snorkel in colorful coral reefs, and unwind on secluded beaches in this Caribbean paradise."
Guatemala,Guatemala City,3,GUA,https://cdn.pixabay.com/photo/2020/03/31/11/59/sunrise-4987384_1280.jpg,"Immerse yourself in the rich Mayan culture and stunning natural beauty of Guatemala, with its ancient ruins, vibrant markets, and picturesque landscapes. Explore colorful colonial cities, hike through lush jungles, and discover the warmth of Guatemalan hospitality."
Haiti,Port-au-Prince,3,PAP,https://cdn.pixabay.com/photo/2013/02/09/07/17/haiti-79641_1280.jpg,"Experience the vibrant culture and captivating history of Haiti, with its bustling markets, lively music, and beautiful beaches. Explore historic landmarks, hike through lush mountains, and immerse yourself in the unique blend of African, French, and Caribbean influences."
Honduras,Tegucigalpa,3,TGU,https://cdn.pixabay.com/photo/2016/04/28/05/55/roatan-1358175_1280.jpg,"Discover the rich biodiversity and breathtaking landscapes of Honduras, with its pristine beaches, lush rainforests, and vibrant coral reefs. Dive into crystal-clear waters, explore ancient Mayan ruins, and experience the warmth of Honduran hospitality."
Jamaica,Kingston,3,KIN,https://cdn.pixabay.com/photo/2015/11/06/15/35/beach-1029014_960_720.jpg,"Dive into the laid-back vibes and rhythmic beats of Jamaica, with its reggae music, flavorful cuisine, and stunning beaches. Explore lush mountains, swim in turquoise waters, and experience the vibrant culture of this Caribbean gem."
Nicaragua,Managua,3,MGA,https://cdn.pixabay.com/photo/2017/04/25/10/24/volcano-2259249_1280.jpg,"Explore the diverse landscapes and rich culture of Nicaragua, with its colonial cities, volcanic landscapes, and pristine beaches. Surf world-class waves, hike up active volcanoes, and immerse yourself in the warmth of Nicaraguan hospitality."
Panama,Panama City,3,PTY,https://cdn.pixabay.com/photo/2019/08/06/12/15/beach-4388225_1280.jpg,"Experience the vibrant mix of modernity and tradition in Panama, with its iconic canal, lush rainforests, and cosmopolitan cities. Explore historic landmarks, cruise through tropical islands, and discover the natural wonders of this Central American paradise."
Saint Kitts,Basseterre,3,SKB,https://cdn.pixabay.com/photo/2017/07/22/15/41/flag-2529057_1280.jpg,"Explore the tranquil beauty of Saint Kitts, with its secluded beaches, lush rainforests, and charming colonial architecture. Dive into crystal-clear waters, hike through verdant landscapes, and experience the laid-back Caribbean vibe of this enchanting island."
Saint Lucia,Castries,3,SLU,https://cdn.pixabay.com/photo/2013/04/21/13/22/st-lucia-106112_1280.jpg,"Discover the romantic allure and natural splendor of Saint Lucia, with its iconic Pitons, pristine beaches, and lush rainforests. Snorkel in colorful coral reefs, hike to hidden waterfalls, and indulge in luxurious resorts on this idyllic Caribbean island."
Saint Vincent,Kingstown,3,SVD,https://cdn.pixabay.com/photo/2017/01/12/02/34/saint-vincent-1973547_1280.jpg,"Experience the unspoiled beauty and relaxed atmosphere of Saint Vincent, with its volcanic landscapes, turquoise waters, and lush rainforests. Dive into vibrant coral reefs, hike through tropical jungles, and discover the authentic Caribbean charm of this hidden gem."
Trinidad,Port of Spain,3,POS,https://cdn.pixabay.com/photo/2017/05/30/09/20/beach-2356300_1280.jpg,"Explore the vibrant culture and stunning landscapes of Trinidad, with its lively festivals, diverse wildlife, and beautiful beaches. Dance to the rhythm of calypso, explore exotic bird sanctuaries, and experience the warm hospitality of Trinidadian locals."
Argentina,Buenos Aires,4,EZE,https://cdn.pixabay.com/photo/2014/12/29/23/30/glacier-583419_1280.jpg,"Immerse yourself in the rich history and vibrant culture of Argentina, with its tango music, world-class cuisine, and stunning natural wonders. Explore bustling cities, hike in the Andes mountains, and discover the breathtaking beauty of Patagonia."
Bolivia,Sucre,4,SRE,https://cdn.pixabay.com/photo/2020/03/10/13/53/flamingos-4919079_1280.jpg,"Explore the breathtaking landscapes of Bolivia, from the otherworldly Salar de Uyuni to the lush Amazon rainforest. Immerse yourself in indigenous cultures, trek through rugged mountains, and marvel at colonial architecture in cities like Sucre and La Paz."
Brazil,Brasília,4,BSB,https://cdn.pixabay.com/photo/2017/01/08/19/30/rio-de-janeiro-1963744_1280.jpg,"Embark on an adventure in Brazil, home to the vibrant rhythms of samba, stunning beaches of Rio de Janeiro, and the lush biodiversity of the Amazon rainforest. Experience the awe-inspiring Iguazu Falls, vibrant street art scene, and diverse culinary delights."
Chile,Santiago,4,SCL,https://cdn.pixabay.com/photo/2016/06/17/18/45/nature-1463830_1280.jpg,"Discover the diverse landscapes of Chile, from the arid Atacama Desert to the icy fjords of Patagonia. Explore vibrant cities like Santiago and Valparaiso, hike in the stunning Andes mountains, and taste world-class wines in the vineyards of the Central Valley."
Colombia,Bogotá,4,BOG,https://cdn.pixabay.com/photo/2017/10/24/12/45/spider-2884460_1280.jpg,"Experience the magic of Colombia, where colonial towns like Cartagena blend with vibrant cities like Bogotá. Trek to the Lost City of Teyuna, explore the lush coffee region, and soak in the Caribbean vibes of places like Santa Marta and Medellín."
Ecuador,Quito,4,UIO,https://cdn.pixabay.com/photo/2021/11/13/18/02/lake-6791971_1280.jpg,"Immerse yourself in the natural wonders of Ecuador, from the wildlife-rich Galapagos Islands to the cloud forests of Mindo. Hike the volcanic peaks of the Andes, explore indigenous markets in Otavalo, and wander through the charming streets of Quito's old town."
Guyana,Georgetown,4,GEO,https://cdn.pixabay.com/photo/2013/02/12/19/44/guyana-80836_1280.jpg,"Discover the hidden gems of Guyana, with its pristine rainforests, stunning waterfalls, and diverse wildlife. Trek to Kaieteur Falls, explore the untouched wilderness of the Rupununi Savannah, and encounter unique birdlife in the Iwokrama Forest."
Paraguay,Asunción,4,ASU,https://cdn.pixabay.com/photo/2017/04/07/18/18/paraguay-2211577_1280.jpg,"Experience the charm of Paraguay, with its colonial towns, Jesuit missions, and scenic landscapes. Discover the historic streets of Asunción, explore the remote wilderness of the Chaco region, and relax on the beaches of the Paraná River."
Peru,Lima,4,LIM,https://cdn.pixabay.com/photo/2015/02/19/00/38/peru-641632_1280.jpg,"Journey through the ancient landscapes of Peru, where the Andes meet the Amazon rainforest. Explore the majestic ruins of Machu Picchu, sail on Lake Titicaca, and sample delicious ceviche in Lima's vibrant food scene."
Suriname,Paramaribo,4,PBM,https://cdn.pixabay.com/photo/2013/11/26/20/20/koti-218909_1280.jpg,"Uncover the hidden treasures of Suriname, a melting pot of cultures nestled in the heart of the Amazon rainforest. Explore the colonial architecture of Paramaribo, venture into pristine jungle reserves, and encounter diverse wildlife along the Suriname River."
Uruguay,Montevideo,4,MVD,https://cdn.pixabay.com/photo/2021/08/23/22/20/sea-6568951_1280.jpg,"Experience the laid-back charm of Uruguay, with its pristine beaches, historic towns, and vibrant cultural scene. Relax in the trendy neighborhoods of Montevideo, unwind in the coastal resort of Punta del Este, and savor delicious grilled meats in traditional asados."
Venezuela,Caracas,4,CCS,https://cdn.pixabay.com/photo/2020/02/29/17/42/uruburu-4890747_1280.jpg,"Discover the natural beauty of Venezuela, from the towering peaks of the Andes to the stunning beaches of the Caribbean coast. Explore the wildlife-rich plains of the Llanos, trek to the summit of Mount Roraima, and relax on the idyllic shores of Los Roques National Park."
Algeria,Algiers,5,ALG,https://cdn.pixabay.com/photo/2019/09/20/23/47/sand-4492751_1280.jpg,"Immerse yourself in the rich history and stunning landscapes of Algeria, from the ancient ruins of Timgad to the vast Sahara Desert. Explore bustling souks, wander through picturesque kasbahs, and marvel at the majestic beauty of the Hoggar Mountains."
Angola,Luanda,5,LAD,https://cdn.pixabay.com/photo/2014/10/30/19/21/angola-509598_1280.jpg,"Discover the diverse landscapes and vibrant culture of Angola, from the pristine beaches of Luanda to the lush rainforests of Kissama National Park. Explore colonial architecture, encounter unique wildlife, and experience the rhythms of traditional music."
Benin,Porto-Novo,5,COO,https://cdn.pixabay.com/photo/2017/01/04/22/44/benin-1953480_1280.jpg,"Experience the warm hospitality and natural beauty of Benin, with its bustling markets, ancient voodoo temples, and pristine beaches along the Gulf of Guinea. Explore vibrant cities, discover historic slave routes, and immerse yourself in Beninese culture."
Botswana,Gaborone,5,GBE,https://cdn.pixabay.com/photo/2017/04/10/18/36/botswana-2219379_1280.jpg,"Embark on an unforgettable safari adventure in Botswana, home to the majestic Okavango Delta, Chobe National Park, and the Kalahari Desert. Encounter incredible wildlife, from elephants and lions to hippos and giraffes, and experience the magic of the African wilderness."
Burkina Faso,Ouagadougou,5,OUA,https://cdn.pixabay.com/photo/2013/11/04/12/11/children-205219_1280.jpg,"Explore the rich cultural heritage and stunning landscapes of Burkina Faso, from the colorful markets of Ouagadougou to the ancient ruins of Loropéni. Experience traditional music and dance, trek through scenic countryside, and discover the warmth of Burkinabé hospitality."
Burundi,Bujumbura,5,BJM,https://cdn.pixabay.com/photo/2022/05/05/14/57/rice-7176354_1280.jpg,"Journey to the heart of Africa in Burundi, with its lush green hills, crystal-clear lakes, and vibrant cultural heritage. Explore bustling markets, relax on serene beaches, and trek through dense forests teeming with wildlife."
Cabo Verde,Praia,5,RAI,https://cdn.pixabay.com/photo/2015/03/17/22/47/fisherman-678467_1280.jpg,"Experience the natural beauty and laid-back charm of Cabo Verde, with its pristine beaches, vibrant music scene, and colorful colonial towns. Explore volcanic landscapes, hike scenic trails, and immerse yourself in the vibrant Creole culture."
Cameroon,Yaoundé,5,NSI,https://cdn.pixabay.com/photo/2022/07/10/10/46/sheep-7312605_1280.jpg,"Discover the diverse landscapes and rich cultural heritage of Cameroon, from the lush rainforests of the south to the rugged mountains of the north. Encounter unique wildlife, explore bustling markets, and experience the rhythms of Cameroonian music."
Central African Republic,Bangui,5,BGF,https://cdn.pixabay.com/photo/2017/08/28/19/08/international-2690964_1280.jpg,"Journey into the heart of Africa's wilderness in the Central African Republic, with its vast savannas, dense rainforests, and diverse wildlife. Explore remote national parks, encounter rare species such as forest elephants and gorillas, and experience the traditional way of life."
Chad,N'Djamena,5,NDJ,https://cdn.pixabay.com/photo/2017/08/28/19/09/international-2690973_1280.jpg,"Explore the breathtaking landscapes and vibrant culture of Chad, with its stunning desert dunes, lush oases, and picturesque lakes. Experience traditional nomadic life, encounter unique wildlife in national parks, and immerse yourself in Chad's rich cultural heritage."
Comoros,Moroni,5,YVA,https://cdn.pixabay.com/photo/2017/08/28/19/12/international-2690993_1280.jpg,"Explore the hidden gems of Comoros, a tropical paradise in the Indian Ocean boasting pristine beaches, vibrant coral reefs, and lush volcanic landscapes. Immerse yourself in local culture, savor exotic cuisine, and relax in luxury resorts."
Democratic Republic of the Congo,Kinshasa,5,FIH,https://cdn.pixabay.com/photo/2017/08/29/12/22/international-2693102_1280.jpg,"Embark on a journey of discovery in the Democratic Republic of the Congo, home to dense rainforests, awe-inspiring wildlife, and the mighty Congo River. Trek through lush jungles, encounter rare mountain gorillas, and experience vibrant Congolese culture."
Djibouti,Djibouti ,5,JIB,https://cdn.pixabay.com/photo/2013/07/05/12/09/djibouti-143451_1280.jpg,"Dive into the rich history and stunning landscapes of Djibouti, a land of rugged mountains, sparkling beaches, and otherworldly salt flats. Snorkel in crystal-clear waters, explore ancient cities, and marvel at the surreal landscapes of Lake Assal."
Egypt,Cairo,5,CAI,https://cdn.pixabay.com/photo/2023/12/30/17/39/kombucha-8478515_1280.jpg,"Experience the wonders of ancient Egypt, where millennia-old monuments stand testament to a glorious past. Explore the iconic pyramids of Giza, cruise the timeless Nile River, and immerse yourself in the bustling bazaars of Cairo."
Equatorial Guinea,Malabo,5,SSG,https://cdn.pixabay.com/photo/2016/10/17/03/51/autumn-1746883_1280.jpg,"Discover the unspoiled beauty of Equatorial Guinea, with its lush rainforests, pristine beaches, and vibrant cultural heritage. Trek through dense jungles, encounter unique wildlife, and relax on secluded islands in the Gulf of Guinea."
Eritrea,Asmara,5,ASM,https://cdn.pixabay.com/photo/2013/10/12/16/06/ghinda-194478_1280.jpg,"Journey to the unique landscapes of Eritrea, where rugged mountains, pristine coastline, and ancient ruins await. Explore colorful markets, dive among vibrant coral reefs, and trek through breathtaking highland scenery."
Eswatini,Mbabane,5,MTS,https://cdn.pixabay.com/photo/2020/01/27/07/44/poverty-4796642_1280.jpg,"Experience the charm of Eswatini, a kingdom of rolling hills, traditional villages, and abundant wildlife. Visit the royal residences of Mbabane and Lobamba, embark on safari adventures in Mlilwane Wildlife Sanctuary, and immerse yourself in Swazi culture."
Ethiopia,Addis Ababa,5,ADD,https://cdn.pixabay.com/photo/2015/02/12/20/39/africa-634224_1280.jpg,"Explore the diverse landscapes and rich cultural heritage of Ethiopia, from the rugged Simien Mountains to the ancient rock-hewn churches of Lalibela. Trek through stunning landscapes, encounter unique wildlife, and discover Ethiopia's fascinating history."
Gabon,Libreville,5,LBV,https://cdn.pixabay.com/photo/2013/03/04/04/59/libreville-89814_1280.jpg,"Discover the pristine wilderness of Gabon, home to lush rainforests, pristine beaches, and diverse wildlife. Explore remote national parks, encounter rare species such as forest elephants and gorillas, and relax on secluded beaches."
Gambia,Banjul,5,BJL,https://cdn.pixabay.com/photo/2014/01/07/09/08/gambia-239849_1280.jpg,"Experience the natural beauty and vibrant culture of The Gambia, with its lush mangroves, golden beaches, and bustling markets. Cruise along the tranquil River Gambia, spot exotic birdlife in national parks, and immerse yourself in Gambian hospitality."
Ghana,Accra,5,ACC,https://cdn.pixabay.com/photo/2020/03/29/21/57/africa-4982357_1280.jpg,"Immerse yourself in the rich history and cultural diversity of Ghana, with its ancient forts, lively markets, and vibrant festivals. Explore historic cities, relax on palm-fringed beaches, and experience the warmth of Ghanaian hospitality."
Guinea,Conakry,5,CKY,https://cdn.pixabay.com/photo/2014/01/11/23/40/guinea-pig-242520_1280.jpg,"Journey into the heart of West Africa in Guinea, with its stunning landscapes, vibrant markets, and rich cultural heritage. Explore the misty highlands of Fouta Djallon, encounter unique wildlife in national parks, and experience traditional Guinean music and dance."
Guinea-Bissau,Bissau,5,OXB,https://cdn.pixabay.com/photo/2014/09/14/01/34/girl-444688_1280.jpg,"Discover the hidden treasures of Guinea-Bissau, with its pristine beaches, lush mangroves, and vibrant culture. Explore remote islands, encounter unique wildlife in national parks, and immerse yourself in the laid-back atmosphere of Bissau."
Ivory Coast,Abidjan ,5,ABJ,https://cdn.pixabay.com/photo/2020/07/28/15/32/child-5445463_1280.jpg,"Immerse yourself in the vibrant culture and stunning landscapes of Ivory Coast, where bustling markets, lively music, and beautiful beaches await. Explore the vibrant streets of Abidjan, relax on the shores of Grand-Bassam, and trek through lush rainforests."
Kenya,Nairobi,5,NBO,https://cdn.pixabay.com/photo/2016/12/05/11/39/zebras-1883654_1280.jpg,"Embark on a safari adventure in Kenya, home to the iconic Maasai Mara and diverse wildlife. Witness the Great Migration, visit bustling Nairobi, and relax on the palm-fringed beaches of the coast."
Lesotho,Maseru,5,MAF,https://cdn.pixabay.com/photo/2015/09/06/17/19/lesotho-927558_1280.jpg,"Experience the rugged beauty of Lesotho, known as the ""Kingdom in the Sky,"" with its towering mountains, traditional villages, and breathtaking scenery. Explore the stunning Drakensberg range, go pony trekking in Semonkong, and immerse yourself in Basotho culture."
Liberia,Monrovia,5,ROB,https://cdn.pixabay.com/photo/2023/12/30/17/39/kombucha-8478515_1280.jpg,"Discover the rich history and vibrant culture of Liberia, from its beautiful beaches to its lush rainforests. Visit historic sites in Monrovia, relax on the pristine shores of Robertsport, and trek through the Sapo National Park."
Libya,Tripoli,5,TIP,https://cdn.pixabay.com/photo/2012/11/28/09/26/oasis-67549_1280.jpg,"Explore the ancient ruins and stunning landscapes of Libya, from the Roman city of Leptis Magna to the dramatic Sahara Desert. Marvel at the rock art of the Acacus Mountains, wander through the historic medina of Tripoli, and camp under the stars in the desert."
Madagascar,Antananarivo,5,TNR,https://cdn.pixabay.com/photo/2016/11/03/15/11/lemur-1794519_1280.jpg,"Experience the unique biodiversity of Madagascar, with its diverse ecosystems, endemic wildlife, and stunning landscapes. Explore the Avenue of the Baobabs, trek through dense rainforests in search of lemurs, and relax on idyllic beaches."
Malawi,Lilongwe,5,LLW,https://cdn.pixabay.com/photo/2017/02/06/12/07/malawi-2042844_1280.jpg,"Discover the warm hospitality and stunning scenery of Malawi, known as the ""Warm Heart of Africa."" Explore the crystal-clear waters of Lake Malawi, go hiking in the scenic highlands, and embark on safari adventures in national parks."
Mali,Bamako,5,BKO,https://cdn.pixabay.com/photo/2015/11/06/15/50/globe-1029213_1280.jpg,"Journey through the rich history and vibrant culture of Mali, home to ancient cities, bustling markets, and traditional music. Explore the legendary city of Timbuktu, visit the historic mosques of Djenne, and experience the colorful festivals of Bamako."
Mauritania,Nouakchott,5,NKC,https://cdn.pixabay.com/photo/2023/12/30/17/39/kombucha-8478515_1280.jpg,"Experience the rugged beauty of Mauritania, with its vast desert landscapes, ancient caravan routes, and stunning oases. Visit the UNESCO World Heritage Site of Chinguetti, ride a camel across the dunes of the Sahara, and camp under the stars in the desert."
Mauritius,Port Louis,5,MRU,https://cdn.pixabay.com/photo/2019/09/24/14/29/long-tailed-macaque-4501437_1280.jpg,"Indulge in luxury and natural beauty in Mauritius, with its pristine beaches, turquoise waters, and lush rainforests. Relax in luxury resorts, snorkel in coral reefs, and hike to stunning waterfalls in Black River Gorges National Park."
Morocco,Rabat,5,RBA,https://cdn.pixabay.com/photo/2017/05/27/22/33/morocco-2349647_1280.jpg,"Explore the vibrant colors and rich flavors of Morocco, where bustling souks, ancient medinas, and stunning desert landscapes await. Wander through the labyrinthine streets of Marrakech, camp in the Sahara Desert, and trek in the High Atlas Mountains."
Mozambique,Maputo,5,MPM,https://cdn.pixabay.com/photo/2014/10/30/19/17/woman-509588_1280.jpg,"Discover the stunning coastline and diverse wildlife of Mozambique, with its pristine beaches, vibrant coral reefs, and abundant marine life. Dive in crystal-clear waters, relax on remote islands, and explore historic Portuguese colonial towns."
Namibia,Windhoek,5,WDH,https://cdn.pixabay.com/photo/2016/01/30/17/41/elephants-1170108_1280.jpg,"Experience the vast wilderness and unique wildlife of Namibia, from the towering dunes of Sossusvlei to the rugged Skeleton Coast. Explore the ancient rock art of Twyfelfontein, marvel at the wildlife of Etosha National Park, and trek in the majestic Fish River Canyon."
Niger,Niamey,5,NIM,https://cdn.pixabay.com/photo/2013/02/12/14/59/niger-80758_1280.jpg,"Explore the rugged beauty and cultural richness of Niger, where vast deserts, ancient cities, and vibrant markets await. Discover the majestic sand dunes of the Sahara, wander through historic Agadez, and experience traditional Tuareg hospitality."
Nigeria,Abuja,5,ABV,https://cdn.pixabay.com/photo/2019/11/15/13/22/lady-4628418_1280.jpg,"Immerse yourself in the vibrant energy and diverse landscapes of Nigeria, from bustling cities to stunning natural wonders. Explore the colorful markets of Lagos, hike through lush rainforests, and relax on palm-fringed beaches."
Republic of the Congo,Brazzaville,5,BZV,https://cdn.pixabay.com/photo/2017/08/29/12/22/international-2693102_1280.jpg,"Discover the lush rainforests and vibrant culture of the Republic of the Congo, where dense jungles, winding rivers, and diverse wildlife await. Trek through pristine wilderness in Odzala National Park, cruise along the Congo River, and immerse yourself in local traditions."
Rwanda,Kigali,5,KGL,https://cdn.pixabay.com/photo/2023/01/05/22/35/flower-7700011_1280.jpg,"Experience the breathtaking beauty and remarkable resilience of Rwanda, known as the ""Land of a Thousand Hills."" Explore the lush forests of Volcanoes National Park, track endangered mountain gorillas, and learn about the country's inspiring post-genocide recovery."
Sao Tome,São Tomé,5,TMS,https://cdn.pixabay.com/photo/2016/11/20/08/34/buildings-1842205_1280.jpg,"Escape to the pristine paradise of Sao Tome and Principe, with its lush rainforests, secluded beaches, and stunning biodiversity. Explore hidden waterfalls, snorkel in crystal-clear waters, and relax in luxurious eco-lodges."
Senegal,Dakar,5,DKR,https://cdn.pixabay.com/photo/2020/02/02/09/13/boat-4812434_1280.jpg,"Discover the vibrant culture and stunning landscapes of Senegal, where bustling markets, historic sites, and beautiful beaches await. Explore the vibrant streets of Dakar, visit colorful fishing villages, and relax on the shores of the Casamance."
Seychelles,Victoria,5,SEZ,https://cdn.pixabay.com/photo/2019/06/01/22/01/seychelles-4245171_1280.jpg,"Indulge in luxury and natural beauty in the Seychelles, with its pristine beaches, turquoise waters, and lush tropical forests. Relax in exclusive resorts, snorkel in vibrant coral reefs, and hike to breathtaking viewpoints."
Sierra Leone,Freetown,5,FNA,https://cdn.pixabay.com/photo/2015/04/15/19/15/vulture-724431_1280.jpg,"Experience the rich history and natural beauty of Sierra Leone, with its stunning beaches, lush rainforests, and vibrant culture. Explore historic Freetown, relax on pristine beaches, and trek through the scenic interior."
Somalia,Mogadishu,5,MGQ,https://cdn.pixabay.com/photo/2016/05/27/20/45/man-1420612_1280.jpg,"Explore the rich history and vibrant culture of Somalia, with its ancient cities, historic landmarks, and stunning coastline. Visit the bustling markets of Mogadishu, explore the ruins of ancient cities, and relax on pristine beaches."
South Africa,Cape Town,5,CPT,https://cdn.pixabay.com/photo/2017/05/08/15/11/capetown-2295679_1280.jpg,"Discover the diverse landscapes and vibrant cultures of South Africa, from iconic wildlife safaris to stunning coastal scenery. Explore the vibrant streets of Cape Town, go on safari in Kruger National Park, and visit the breathtaking Drakensberg Mountains."
South Sudan,Juba,5,JUB,https://cdn.pixabay.com/photo/2016/04/15/16/06/army-1331327_1280.jpg,"Experience the untamed wilderness and cultural diversity of South Sudan, with its vast savannahs, dense forests, and diverse ethnic groups. Explore remote national parks, meet traditional tribes, and embark on epic wildlife adventures."
Sudan,Khartoum,5,KRT,https://cdn.pixabay.com/photo/2016/04/15/16/06/army-1331327_1280.jpg,"Journey through the ancient history and stunning landscapes of Sudan, with its majestic pyramids, vast deserts, and lush Nile Valley. Explore the archaeological sites of Meroe and Nubia, cruise along the Nile River, and camp under the stars in the desert."
Tanzania,Dodoma,5,DOD,https://cdn.pixabay.com/photo/2014/12/12/19/45/lion-565820_1280.jpg,"Embark on an unforgettable safari adventure in Tanzania, home to the iconic Serengeti National Park and majestic Mount Kilimanjaro. Explore pristine beaches in Zanzibar, witness the Great Migration, and immerse yourself in vibrant Maasai culture."
Togo,Lomé,5,LFW,https://cdn.pixabay.com/photo/2016/08/02/17/35/woman-1564294_1280.jpg,"Experience the warm hospitality and rich cultural heritage of Togo, with its vibrant markets, stunning beaches, and lush countryside. Discover traditional voodoo ceremonies, hike through dense forests, and relax on palm-fringed shores."
Tunisia,Tunis,5,TUN,https://cdn.pixabay.com/photo/2022/04/22/18/18/sand-7150369_1280.jpg,"Delight in the rich history and stunning landscapes of Tunisia, where ancient ruins, bustling souks, and beautiful Mediterranean beaches await. Explore the ancient city of Carthage, wander through charming medinas, and soak up the sun along the coast."
Uganda,Kampala,5,EBB,https://cdn.pixabay.com/photo/2017/01/20/13/01/africa-1994846_1280.jpg,"Immerse yourself in the natural beauty and diverse wildlife of Uganda, known as the ""Pearl of Africa."" Trek through dense jungles to encounter mountain gorillas, cruise along the Nile River, and explore the savannahs of Queen Elizabeth National Park."
Zambia,Lusaka,5,LUN,https://cdn.pixabay.com/photo/2017/04/13/09/11/waterfall-2227010_1280.jpg,"Explore the wild beauty and vibrant culture of Zambia, with its iconic Victoria Falls, abundant wildlife, and rich cultural heritage. Go on safari in South Luangwa National Park, marvel at the Zambezi River, and visit traditional villages."
Zimbabwe,Harare,5,HRE,https://cdn.pixabay.com/photo/2017/04/13/09/11/waterfall-2227010_1280.jpg,"Discover the ancient civilizations and stunning landscapes of Zimbabwe, with its majestic Victoria Falls, iconic Great Zimbabwe ruins, and diverse wildlife. Go on safari in Hwange National Park, cruise along Lake Kariba, and explore the vibrant city of Harare."
Fiji,Suva,6,SUV,https://cdn.pixabay.com/photo/2014/10/07/13/48/mountain-477832_1280.jpg,"Experience paradise on earth in Fiji, with its pristine beaches, crystal-clear waters, and lush tropical forests. Dive among vibrant coral reefs, relax in luxurious resorts, and immerse yourself in traditional Fijian culture."
Kiribati,Tarawa,6,TRW,https://cdn.pixabay.com/photo/2017/09/01/00/20/kiribati-2702712_1280.jpg,"Escape to the idyllic paradise of Kiribati, where remote atolls, pristine beaches, and crystal-clear lagoons await. Dive among colorful coral reefs, explore uninhabited islands, and experience authentic Pacific island life."
Marshall Islands,Majuro,6,MAJ,https://cdn.pixabay.com/photo/2017/08/29/19/48/international-2694656_1280.jpg,"Discover the natural beauty and unique culture of the Marshall Islands, with their stunning coral atolls, turquoise lagoons, and warm hospitality. Snorkel in vibrant marine reserves, learn about Marshallese history and traditions, and relax on secluded beaches."
Micronesia,Palikir,6,PNI,https://cdn.pixabay.com/photo/2015/04/03/06/06/dolphin-704686_1280.jpg,"Experience the tranquil beauty and laid-back lifestyle of Micronesia, with its pristine coral reefs, lush rainforests, and welcoming locals. Dive among WWII wrecks, explore ancient ruins, and immerse yourself in traditional island culture."
Nauru,Yaren ,6,INU,https://cdn.pixabay.com/photo/2017/03/10/00/19/nauru-2131318_1280.jpg,"Escape to the serene paradise of Nauru, with its secluded beaches, turquoise waters, and friendly locals. Snorkel in pristine coral reefs, explore the island's unique phosphate history, and relax in peaceful surroundings."
New Zealand,Wellington,6,WLG,https://cdn.pixabay.com/photo/2013/03/04/20/59/valley-90388_1280.jpg,"Immerse yourself in the breathtaking natural beauty of New Zealand, where rugged mountains, pristine lakes, and lush forests await. Explore vibrant cities, indulge in world-class cuisine, and experience Maori culture and traditions."
Palau,Melekeok,6,ROR,https://cdn.pixabay.com/photo/2016/01/19/14/57/seaplane-1149100_1280.jpg,"Dive into the stunning underwater world of Palau, with its vibrant coral reefs, crystal-clear waters, and diverse marine life. Explore lush jungles, swim in hidden lagoons, and learn about Palauan culture and history."
Papua New Guinea,Port Moresby,6,POM,https://cdn.pixabay.com/photo/2014/02/09/01/37/people-262471_1280.jpg,"Experience the cultural melting pot of Papua New Guinea, where lush rainforests, towering mountains, and vibrant tribal cultures await. Discover ancient traditions, trek through remote wilderness, and dive among colorful coral reefs."
Samoa,Apia,6,APW,https://cdn.pixabay.com/photo/2013/11/19/09/35/glasses-213156_1280.jpg,"Unwind in the tranquil paradise of Samoa, with its pristine beaches, turquoise lagoons, and lush tropical landscapes. Explore traditional villages, swim in hidden waterfalls, and experience authentic Polynesian hospitality."
Solomon Islands,Honiara,6,HIR,https://cdn.pixabay.com/photo/2023/12/30/17/39/kombucha-8478515_1280.jpg,"Explore the unspoiled beauty of the Solomon Islands, with their pristine coral reefs, dense rainforests, and vibrant marine life. Dive among WWII wrecks, trek through jungle-clad mountains, and immerse yourself in Melanesian culture."
Tonga,Nukualofa,6,TBU,https://cdn.pixabay.com/photo/2017/08/30/13/13/tonga-2697039_1280.jpg,"Discover the laid-back charm of Tonga, with its pristine beaches, turquoise waters, and friendly locals. Swim with humpback whales, explore ancient archaeological sites, and relax in secluded island resorts."
Tuvalu,Funafuti,6,FUN,https://cdn.pixabay.com/photo/2014/07/04/17/26/sea-384055_1280.jpg,"Experience the untouched beauty of Tuvalu, with its remote atolls, crystal-clear waters, and stunning coral reefs. Dive among colorful marine life, relax on deserted beaches, and immerse yourself in Polynesian culture."
Vanuatu,Port Vila,6,VLI,https://cdn.pixabay.com/photo/2013/02/12/15/09/vanuatu-80771_1280.jpg,"Explore the volcanic landscapes and vibrant culture of Vanuatu, with its lush rainforests, cascading waterfalls, and active volcanoes. Dive in pristine coral reefs, hike to secluded villages, and experience traditional Melanesian rituals."
