id,username,password,email,photo,description,user_iata
2,Jedward Jostar,$2a$10$R6iQ2dr8ec.uDeEuPpvTl.ylP/S1Mu37tY5t8YM4Yyc2jIFnTfQfK,edwardlumbao2@yahoo.com,https://firebasestorage.googleapis.com/v0/b/edward-travel-guide.appspot.com/o/profile-picture%2Ffotor-ai-20240221192652.jpg?alt=media&token=94a46b07-e00e-46e8-b2dd-b2b435adf302,,
6,Tee Mothy,123,tt@tt.com,https://firebasestorage.googleapis.com/v0/b/edward-travel-guide.appspot.com/o/profile-picture%2Ffotor-ai-20240221192754.jpg?alt=media&token=8a220486-a78e-4607-a51c-f9d60e0c434f,,
1,Edward Broski,123,edwardlumbao@yahoo.com,https://firebasestorage.googleapis.com/v0/b/edward-travel-guide.appspot.com/o/profile-picture%2Ffotor-ai-20240221192848.jpg?alt=media&token=3e5f5cd9-1732-4aef-b2b5-dfc43d155677,PERGAPS,
15,Troto Tanto,$2a$10$wShVRETbxcNuCEGY5Y/hqOQq5jbGAUpon.2WhT/o0LoN0hPu/WWcW,ttw@tt.com,https://firebasestorage.googleapis.com/v0/b/edward-travel-guide.appspot.com/o/profile-picture%2Fwatermelon-4988430.svg2e47a291-90c4-4515-a30a-7fb2db405764?alt=media&token=550f2640-98c4-42f6-b5da-77ab38b5762e,,
16,Qwerty Quaint,$2a$10$.0n77eDp9WPOhEo9JII45OxOnk93gaTVdhZW4F4yS..T.g5GeoOPK,qw@qw.com,https://firebasestorage.googleapis.com/v0/b/edward-travel-guide.appspot.com/o/profile-picture%2Fdownload%20(2).jpg17d640ac-7d6d-45b5-bc4c-0c97f0cbf246?alt=media&token=c0905e10-b077-461e-a9af-6a153d0c0d14,,
17,Zoroaster Zoro III,$2a$10$QON/5mQ.VS4bAjYmydOoGO3iMSWbmhhXDdTx4KTx1c/BN7VckU7oC,zz@z.com,https://firebasestorage.googleapis.com/v0/b/edward-travel-guide.appspot.com/o/profile-picture%2Ffotor-ai-20240221193010.jpg?alt=media&token=e1da41a7-0d60-484f-ac99-b547bdf3a127,,
18,Binan Domeng,$2a$10$4IaYLYlu/gK5ft91NbBBo.r/VyZuvxIQM8RLlFKlU0qprOwgIBJqa,bn@bvn.com,https://firebasestorage.googleapis.com/v0/b/edward-travel-guide.appspot.com/o/profile-picture%2Ftopper-312765.svg49e17472-39ae-4544-90f5-cabd67c3e500?alt=media&token=595ee14b-3b0c-4039-a0ab-284953306884,,
19,Jujulemon Head,$2a$10$pF7v/KVgu4ZFZyD28NLV8u7wuEbfyOumvtzuccfIxnvxS3SAlbYxi,jj@jj.com,https://firebasestorage.googleapis.com/v0/b/edward-travel-guide.appspot.com/o/profile-picture%2Fvineyard-428041_1920.jpg39db9bac-27db-4f2e-b8d4-1724911d2ca9?alt=media&token=56cbe327-82cd-4e8f-9ecb-ffa72be07f94,,
20,Molly Marky,$2a$10$qT8s.AGwxTiUDWvCay.tp.h5rPHlC6/8tQlVKrBe01peFnfdXsGyO,mm@mm.com,https://firebasestorage.googleapis.com/v0/b/edward-travel-guide.appspot.com/o/profile-picture%2Faustralia.jpg38824b9f-171b-4b62-8307-533150586304?alt=media&token=59c541eb-f1f9-4be5-9738-e5a41fb65cda,,
21,Henry Hammich,$2a$10$fGraO4vOY1rY3O5hUL.Gi.GmBiZNcFFoZu3p4VH30bq9UmWMLgFla,hh@hh.com,https://firebasestorage.googleapis.com/v0/b/edward-travel-guide.appspot.com/o/profile-picture%2Fbrick-2997965.svg2a2b3e71-996f-4eed-a669-ab80ac2ded44?alt=media&token=91e782cd-69e9-4b32-8d5a-9831c8c0580e,,
23,Gregory Gregogy,$2a$10$BONmRRAYs/BMle9hRDyq.uJzjr4Icfpoun97827bAr2hoqWVjHCd2,gg@ggg.com,https://firebasestorage.googleapis.com/v0/b/edward-travel-guide.appspot.com/o/profile-picture%2Fv3_0055399.jpg?alt=media&token=5a1c2c6b-0e9a-459c-8570-8b2e5c1dc29c,,
24,Grab Blob,$2a$10$PC4mcFVGoPRpCrm0bRpKR.y2kgHCWFA1DRFDq4RYg1nPut3XzNcFq,ggggg@ggg.com,https://firebasestorage.googleapis.com/v0/b/edward-travel-guide.appspot.com/o/profile-picture%2Fv3_0812596.jpg?alt=media&token=68db4e81-7e1f-49ac-b87f-2f279c7ccbe1,,MNL
13,George SanPo,$2a$10$wHILbiipqsDT4yngiLDP3utCZWF4XyYcJ4waOhaaO8lPF/b18fujq,gg@gg.com,https://firebasestorage.googleapis.com/v0/b/edward-travel-guide.appspot.com/o/profile-picture%2Fv3_0970537.jpg?alt=media&token=3312e4c9-c0ed-4be9-8897-ab628a1ec224,,MNL
4,Reggie Bloomberg,$2a$10$YfZj6e5CYWUNM6xNrWGD5.9oMmeWmo6JTPgUpyoiH3KPtE0p9OBtm,rr@rr.com,https://firebasestorage.googleapis.com/v0/b/edward-travel-guide.appspot.com/o/profile-picture%2Fvineyard-428041_1920.jpg39db9bac-27db-4f2e-b8d4-1724911d2ca9?alt=media&token=56cbe327-82cd-4e8f-9ecb-ffa72be07f94,rr the rr,
8,William Krobro,$2a$10$W068nSkJElUiUDTmziWBpebIIn2NkFVLhfldwvCspdaF3w226eyT2,ww@ww.com,https://firebasestorage.googleapis.com/v0/b/edward-travel-guide.appspot.com/o/profile-picture%2Fbeard-319331%20(1).svg6a8e3edc-617b-4495-9e98-b18604583365?alt=media&token=975d8bb9-6762-4aaf-ad7c-307aacdfdb90,THE BEST ONE!!,MAD
12,Denise Waldo,$2a$10$aRb27xqT8Dg/jUBFO2aupunMZx.Cp/LdLVs/wyVFA1Aw7smCIoroa,dd@dd.com,https://firebasestorage.googleapis.com/v0/b/edward-travel-guide.appspot.com/o/profile-picture%2Falex-vasey-3lxrM5yvkcI-unsplash.jpg43886880-9e9f-4c01-be47-5918f5dc3431?alt=media&token=9eecbaf8-73a2-43af-92fe-2481651ee9b6,dd,MNL
7,Jay Kwalin,$2a$10$7FHRZORX35rFI9cgc/nYdunSnJKW7z3HIHHnLC89/xO8ltu1/HlK6,lumbaoedward@gmail.com,https://lh3.googleusercontent.com/a/ACg8ocJ64TP5j99JUSoN9_-Mycxo42CLysJX2eoo17jgNNlITw=s96-c,"Hey travelers! I'm Edward, a globetrotter on a mission to uncover the world's hidden gems. Join me as I share my adventures, insider tips, and captivating stories from across the globe. Let's wander together!",MNL
